<?xml version="1.0" encoding="UTF-8"?><ImplementationGuide xmlns="http://hl7.org/fhir"><id value="iso.fhir.5384"/><text><status value="extensions"/><div xmlns="http://www.w3.org/1999/xhtml"><h2>IsoTs5384</h2><p>The official URL for this implementation guide is: </p><pre>http://iso.org/fhir/ts-5384/ImplementationGuide/iso.fhir.5384</pre><div><p>ISO TS 5384 Health informatics - Categorial Structure and Data Elements for the Identification and Exchange of Immunization Data</p>
</div></div></text><url value="http://iso.org/fhir/ts-5384/ImplementationGuide/iso.fhir.5384"/><version value="0.0.1"/><name value="IsoTs5384"/><title value="ISO TS 5384 Immunization FHIR Logical Models"/><status value="draft"/><experimental value="true"/><date value="2022-11-03T09:58:38+00:00"/><publisher value="ISO"/><contact><telecom><system value="url"/><value value="https://www.iso.int"/></telecom></contact><description value="ISO TS 5384 Health informatics - Categorial Structure and Data Elements for the Identification and Exchange of Immunization Data"/><jurisdiction><coding><system value="http://unstats.un.org/unsd/methods/m49/m49.htm"/><code value="001"/></coding></jurisdiction><packageId value="iso.fhir.5384"/><license value="CC0-1.0"/><fhirVersion value="4.0.1"/><dependsOn id="hl7tx"><uri value="http://terminology.hl7.org/ImplementationGuide/hl7.terminology"/><packageId value="hl7.terminology.r4"/><version value="4.0.0"/></dependsOn><definition><extension url="http://hl7.org/fhir/tools/StructureDefinition/ig-parameter"><extension url="code"><valueString value="copyrightyear"/></extension><extension url="value"><valueString value="2021+"/></extension></extension><extension url="http://hl7.org/fhir/tools/StructureDefinition/ig-parameter"><extension url="code"><valueString value="releaselabel"/></extension><extension url="value"><valueString value="CI Build"/></extension></extension><extension url="http://hl7.org/fhir/tools/StructureDefinition/ig-parameter"><extension url="code"><valueString value="autoload-resources"/></extension><extension url="value"><valueString value="true"/></extension></extension><extension url="http://hl7.org/fhir/tools/StructureDefinition/ig-parameter"><extension url="code"><valueString value="path-liquid"/></extension><extension url="value"><valueString value="template/liquid"/></extension></extension><extension url="http://hl7.org/fhir/tools/StructureDefinition/ig-parameter"><extension url="code"><valueString value="path-liquid"/></extension><extension url="value"><valueString value="input/liquid"/></extension></extension><extension url="http://hl7.org/fhir/tools/StructureDefinition/ig-parameter"><extension url="code"><valueString value="path-qa"/></extension><extension url="value"><valueString value="temp/qa"/></extension></extension><extension url="http://hl7.org/fhir/tools/StructureDefinition/ig-parameter"><extension url="code"><valueString value="path-temp"/></extension><extension url="value"><valueString value="temp/pages"/></extension></extension><extension url="http://hl7.org/fhir/tools/StructureDefinition/ig-parameter"><extension url="code"><valueString value="path-output"/></extension><extension url="value"><valueString value="output"/></extension></extension><extension url="http://hl7.org/fhir/tools/StructureDefinition/ig-parameter"><extension url="code"><valueString value="path-suppressed-warnings"/></extension><extension url="value"><valueString value="input/ignoreWarnings.txt"/></extension></extension><extension url="http://hl7.org/fhir/tools/StructureDefinition/ig-parameter"><extension url="code"><valueString value="path-history"/></extension><extension url="value"><valueString value="http://iso.org/fhir/ts-5384/history.html"/></extension></extension><extension url="http://hl7.org/fhir/tools/StructureDefinition/ig-parameter"><extension url="code"><valueString value="template-html"/></extension><extension url="value"><valueString value="template-page.html"/></extension></extension><extension url="http://hl7.org/fhir/tools/StructureDefinition/ig-parameter"><extension url="code"><valueString value="template-md"/></extension><extension url="value"><valueString value="template-page-md.html"/></extension></extension><extension url="http://hl7.org/fhir/tools/StructureDefinition/ig-parameter"><extension url="code"><valueString value="apply-contact"/></extension><extension url="value"><valueString value="true"/></extension></extension><extension url="http://hl7.org/fhir/tools/StructureDefinition/ig-parameter"><extension url="code"><valueString value="apply-context"/></extension><extension url="value"><valueString value="true"/></extension></extension><extension url="http://hl7.org/fhir/tools/StructureDefinition/ig-parameter"><extension url="code"><valueString value="apply-copyright"/></extension><extension url="value"><valueString value="true"/></extension></extension><extension url="http://hl7.org/fhir/tools/StructureDefinition/ig-parameter"><extension url="code"><valueString value="apply-jurisdiction"/></extension><extension url="value"><valueString value="true"/></extension></extension><extension url="http://hl7.org/fhir/tools/StructureDefinition/ig-parameter"><extension url="code"><valueString value="apply-license"/></extension><extension url="value"><valueString value="true"/></extension></extension><extension url="http://hl7.org/fhir/tools/StructureDefinition/ig-parameter"><extension url="code"><valueString value="apply-publisher"/></extension><extension url="value"><valueString value="true"/></extension></extension><extension url="http://hl7.org/fhir/tools/StructureDefinition/ig-parameter"><extension url="code"><valueString value="apply-version"/></extension><extension url="value"><valueString value="true"/></extension></extension><extension url="http://hl7.org/fhir/tools/StructureDefinition/ig-parameter"><extension url="code"><valueString value="active-tables"/></extension><extension url="value"><valueString value="true"/></extension></extension><grouping id="-str-logicalmodel"><name value="Structures: Logical Models"/><description value="These define data models that represent the domain covered by this implementation guide in more business-friendly terms than the underlying FHIR resources."/></grouping><grouping id="-term-valueset"><name value="Terminology: Value Sets"/><description value="These define sets of codes used by systems conforming to this implementation guide"/></grouping><grouping id="-term-codesystem"><name value="Terminology: Code Systems"/><description value="These define new code systems used by systems conforming to this implementation guide"/></grouping><resource><extension url="http://hl7.org/fhir/StructureDefinition/implementationguide-page"><valueUri value="CodeSystem-conformance-5384.html"/></extension><reference><reference value="CodeSystem/conformance-5384"/></reference><name value="ISO TS 5384 Conformance Rules"/><description value="Requirement Descriptors for the ISO TS 5384."/><groupingId value="-term-codesystem"/></resource><resource><extension url="http://hl7.org/fhir/StructureDefinition/implementationguide-page"><valueUri value="ValueSet-conformance-5384.html"/></extension><reference><reference value="ValueSet/conformance-5384"/></reference><name value="ISO TS 5384 Conformance Rules"/><description value="Requirement Descriptors for the ISO TS 5384"/><groupingId value="-term-valueset"/></resource><resource><extension url="http://hl7.org/fhir/StructureDefinition/implementationguide-page"><valueUri value="StructureDefinition-SimpleOrganization.html"/></extension><reference><reference value="StructureDefinition/SimpleOrganization"/></reference><name value="Simple Organization"/><description value="Simple Organization"/><groupingId value="-str-logicalmodel"/></resource><resource><extension url="http://hl7.org/fhir/StructureDefinition/implementationguide-page"><valueUri value="StructureDefinition-Immunization.html"/></extension><reference><reference value="StructureDefinition/Immunization"/></reference><name value="Immunization"/><description value="ISO TS 5384 data model"/><groupingId value="-str-logicalmodel"/></resource><resource><extension url="http://hl7.org/fhir/StructureDefinition/implementationguide-page"><valueUri value="StructureDefinition-Immunization-uc6.html"/></extension><reference><reference value="StructureDefinition/Immunization-uc6"/></reference><name value="UC6: Create anonymized immunization reports"/><description value="Data Model for the 'Create anonymized immunization reports'"/><groupingId value="-str-logicalmodel"/></resource><resource><extension url="http://hl7.org/fhir/StructureDefinition/implementationguide-page"><valueUri value="StructureDefinition-Immunization-uc4.html"/></extension><reference><reference value="StructureDefinition/Immunization-uc4"/></reference><name value="UC4: Create Client Immunization history"/><description value="Data Model for the 'Create Client Immunization history'"/><groupingId value="-str-logicalmodel"/></resource><resource><extension url="http://hl7.org/fhir/StructureDefinition/implementationguide-page"><valueUri value="StructureDefinition-Product.html"/></extension><reference><reference value="StructureDefinition/Product"/></reference><name value="Product"/><description value="A product  that have or should have been administered to a subject that includes one or more specific antigen(s) aimed at developing an immune response in an individual to provide protection from a vaccine preventable disease(s)."/><groupingId value="-str-logicalmodel"/></resource><resource><extension url="http://hl7.org/fhir/StructureDefinition/implementationguide-page"><valueUri value="StructureDefinition-Product-uc2.html"/></extension><reference><reference value="StructureDefinition/Product-uc2"/></reference><name value="Product: Record a Current immunization event"/><description value="Product Model for the 'Record a Current immunization event'"/><groupingId value="-str-logicalmodel"/></resource><resource><extension url="http://hl7.org/fhir/StructureDefinition/implementationguide-page"><valueUri value="StructureDefinition-Immunization-uc2.html"/></extension><reference><reference value="StructureDefinition/Immunization-uc2"/></reference><name value="UC2: Record a Current immunization event"/><description value="Data Model for the 'Record a Current immunization event'"/><groupingId value="-str-logicalmodel"/></resource><resource><extension url="http://hl7.org/fhir/StructureDefinition/implementationguide-page"><valueUri value="StructureDefinition-Forecast.html"/></extension><reference><reference value="StructureDefinition/Forecast"/></reference><name value="Immunization Forecast"/><description value="ISO TS 5384 data model"/><groupingId value="-str-logicalmodel"/></resource><resource><extension url="http://hl7.org/fhir/StructureDefinition/implementationguide-page"><valueUri value="StructureDefinition-Subject-uc1.html"/></extension><reference><reference value="StructureDefinition/Subject-uc1"/></reference><name value="Subject of Care - Registry Use Case"/><description value="Data Model for the 'Populate an Immunization Registry'"/><groupingId value="-str-logicalmodel"/></resource><resource><extension url="http://hl7.org/fhir/StructureDefinition/implementationguide-page"><valueUri value="StructureDefinition-Immunization-uc1.html"/></extension><reference><reference value="StructureDefinition/Immunization-uc1"/></reference><name value="UC1: Populate an Immunization Registry"/><description value="Data Model for the 'Populate an Immunization Registry ' use case"/><groupingId value="-str-logicalmodel"/></resource><resource><extension url="http://hl7.org/fhir/StructureDefinition/implementationguide-page"><valueUri value="StructureDefinition-Immunization-uc3.html"/></extension><reference><reference value="StructureDefinition/Immunization-uc3"/></reference><name value="UC3: Record a Historic immunization event"/><description value="Data Model for the 'Record a Historic immunization event'"/><groupingId value="-str-logicalmodel"/></resource><resource><extension url="http://hl7.org/fhir/StructureDefinition/implementationguide-page"><valueUri value="StructureDefinition-Product-uc1.html"/></extension><reference><reference value="StructureDefinition/Product-uc1"/></reference><name value="Product - Registry Use Case"/><description value="Data Model for the 'Populate an Immunization Registry'"/><groupingId value="-str-logicalmodel"/></resource><resource><extension url="http://hl7.org/fhir/StructureDefinition/implementationguide-page"><valueUri value="StructureDefinition-Immunization-uc5.html"/></extension><reference><reference value="StructureDefinition/Immunization-uc5"/></reference><name value="UC5: Create Client immunization reminder"/><description value="Data Model for the 'Create Client immunization reminder'"/><groupingId value="-str-logicalmodel"/></resource><resource><extension url="http://hl7.org/fhir/StructureDefinition/implementationguide-page"><valueUri value="StructureDefinition-Forecast-uc1.html"/></extension><reference><reference value="StructureDefinition/Forecast-uc1"/></reference><name value="Immunization Forecast - Registry Use Case"/><description value="Data Model for the 'Populate an Immunization Registry'"/><groupingId value="-str-logicalmodel"/></resource><resource><extension url="http://hl7.org/fhir/StructureDefinition/implementationguide-page"><valueUri value="StructureDefinition-HealthProfessional.html"/></extension><reference><reference value="StructureDefinition/HealthProfessional"/></reference><name value="Health Professional"/><description value="Health Professional"/><groupingId value="-str-logicalmodel"/></resource><resource><extension url="http://hl7.org/fhir/StructureDefinition/implementationguide-page"><valueUri value="StructureDefinition-Subject.html"/></extension><reference><reference value="StructureDefinition/Subject"/></reference><name value="Subject of Care"/><description value="Subject vaccinated"/><groupingId value="-str-logicalmodel"/></resource><page><extension url="http://hl7.org/fhir/tools/StructureDefinition/ig-page-name"><valueUrl value="toc.html"/></extension><nameUrl value="toc.html"/><title value="Table of Contents"/><generation value="html"/><page><extension url="http://hl7.org/fhir/tools/StructureDefinition/ig-page-name"><valueUrl value="index.html"/></extension><nameUrl value="index.html"/><title value="ISO TS 5384 Immunization FHIR Logical Models"/><generation value="markdown"/></page><page><extension url="http://hl7.org/fhir/tools/StructureDefinition/ig-page-name"><valueUrl value="conformance.html"/></extension><nameUrl value="conformance.html"/><title value="Conformance"/><generation value="markdown"/></page><page><extension url="http://hl7.org/fhir/tools/StructureDefinition/ig-page-name"><valueUrl value="useCases.html"/></extension><nameUrl value="useCases.html"/><title value="ISO TS 5384 Use Cases"/><generation value="markdown"/></page><page><extension url="http://hl7.org/fhir/tools/StructureDefinition/ig-page-name"><valueUrl value="terminologies.html"/></extension><nameUrl value="terminologies.html"/><title value="ISO TS 5382 Terminologies"/><generation value="markdown"/></page><page><extension url="http://hl7.org/fhir/tools/StructureDefinition/ig-page-name"><valueUrl value="models.html"/></extension><nameUrl value="models.html"/><title value="ISO TS 5382 Models"/><generation value="markdown"/></page><page><extension url="http://hl7.org/fhir/tools/StructureDefinition/ig-page-name"><valueUrl value="downloads.html"/></extension><nameUrl value="downloads.html"/><title value="Useful Downloads"/><generation value="html"/></page><page><extension url="http://hl7.org/fhir/tools/StructureDefinition/ig-page-name"><valueUrl value="changes.html"/></extension><nameUrl value="changes.html"/><title value="IG Change History"/><generation value="html"/></page><page><extension url="http://hl7.org/fhir/tools/StructureDefinition/ig-page-name"><valueUrl value="artifacts.html"/></extension><nameUrl value="artifacts.html"/><title value="Artifacts Summary"/><generation value="html"/><page><extension url="http://hl7.org/fhir/tools/StructureDefinition/ig-page-name"><valueUrl value="StructureDefinition-SimpleOrganization.html"/></extension><nameUrl value="StructureDefinition-SimpleOrganization.html"/><title value="Simple Organization"/><generation value="generated"/></page><page><extension url="http://hl7.org/fhir/tools/StructureDefinition/ig-page-name"><valueUrl value="StructureDefinition-Immunization.html"/></extension><nameUrl value="StructureDefinition-Immunization.html"/><title value="Immunization"/><generation value="generated"/></page><page><extension url="http://hl7.org/fhir/tools/StructureDefinition/ig-page-name"><valueUrl value="StructureDefinition-Immunization-uc6.html"/></extension><nameUrl value="StructureDefinition-Immunization-uc6.html"/><title value="UC6: Create anonymized immunization reports"/><generation value="generated"/></page><page><extension url="http://hl7.org/fhir/tools/StructureDefinition/ig-page-name"><valueUrl value="StructureDefinition-Immunization-uc4.html"/></extension><nameUrl value="StructureDefinition-Immunization-uc4.html"/><title value="UC4: Create Client Immunization history"/><generation value="generated"/></page><page><extension url="http://hl7.org/fhir/tools/StructureDefinition/ig-page-name"><valueUrl value="StructureDefinition-Product.html"/></extension><nameUrl value="StructureDefinition-Product.html"/><title value="Product"/><generation value="generated"/></page><page><extension url="http://hl7.org/fhir/tools/StructureDefinition/ig-page-name"><valueUrl value="StructureDefinition-Product-uc2.html"/></extension><nameUrl value="StructureDefinition-Product-uc2.html"/><title value="Product: Record a Current immunization event"/><generation value="generated"/></page><page><extension url="http://hl7.org/fhir/tools/StructureDefinition/ig-page-name"><valueUrl value="StructureDefinition-Immunization-uc2.html"/></extension><nameUrl value="StructureDefinition-Immunization-uc2.html"/><title value="UC2: Record a Current immunization event"/><generation value="generated"/></page><page><extension url="http://hl7.org/fhir/tools/StructureDefinition/ig-page-name"><valueUrl value="StructureDefinition-Forecast.html"/></extension><nameUrl value="StructureDefinition-Forecast.html"/><title value="Immunization Forecast"/><generation value="generated"/></page><page><extension url="http://hl7.org/fhir/tools/StructureDefinition/ig-page-name"><valueUrl value="StructureDefinition-Subject-uc1.html"/></extension><nameUrl value="StructureDefinition-Subject-uc1.html"/><title value="Subject of Care - Registry Use Case"/><generation value="generated"/></page><page><extension url="http://hl7.org/fhir/tools/StructureDefinition/ig-page-name"><valueUrl value="StructureDefinition-Immunization-uc1.html"/></extension><nameUrl value="StructureDefinition-Immunization-uc1.html"/><title value="UC1: Populate an Immunization Registry"/><generation value="generated"/></page><page><extension url="http://hl7.org/fhir/tools/StructureDefinition/ig-page-name"><valueUrl value="StructureDefinition-Immunization-uc3.html"/></extension><nameUrl value="StructureDefinition-Immunization-uc3.html"/><title value="UC3: Record a Historic immunization event"/><generation value="generated"/></page><page><extension url="http://hl7.org/fhir/tools/StructureDefinition/ig-page-name"><valueUrl value="StructureDefinition-Product-uc1.html"/></extension><nameUrl value="StructureDefinition-Product-uc1.html"/><title value="Product - Registry Use Case"/><generation value="generated"/></page><page><extension url="http://hl7.org/fhir/tools/StructureDefinition/ig-page-name"><valueUrl value="StructureDefinition-Immunization-uc5.html"/></extension><nameUrl value="StructureDefinition-Immunization-uc5.html"/><title value="UC5: Create Client immunization reminder"/><generation value="generated"/></page><page><extension url="http://hl7.org/fhir/tools/StructureDefinition/ig-page-name"><valueUrl value="StructureDefinition-Forecast-uc1.html"/></extension><nameUrl value="StructureDefinition-Forecast-uc1.html"/><title value="Immunization Forecast - Registry Use Case"/><generation value="generated"/></page><page><extension url="http://hl7.org/fhir/tools/StructureDefinition/ig-page-name"><valueUrl value="StructureDefinition-HealthProfessional.html"/></extension><nameUrl value="StructureDefinition-HealthProfessional.html"/><title value="Health Professional"/><generation value="generated"/></page><page><extension url="http://hl7.org/fhir/tools/StructureDefinition/ig-page-name"><valueUrl value="StructureDefinition-Subject.html"/></extension><nameUrl value="StructureDefinition-Subject.html"/><title value="Subject of Care"/><generation value="generated"/></page><page><extension url="http://hl7.org/fhir/tools/StructureDefinition/ig-page-name"><valueUrl value="ValueSet-conformance-5384.html"/></extension><nameUrl value="ValueSet-conformance-5384.html"/><title value="ISO TS 5384 Conformance Rules"/><generation value="generated"/></page><page><extension url="http://hl7.org/fhir/tools/StructureDefinition/ig-page-name"><valueUrl value="CodeSystem-conformance-5384.html"/></extension><nameUrl value="CodeSystem-conformance-5384.html"/><title value="ISO TS 5384 Conformance Rules"/><generation value="generated"/></page></page></page><parameter><code value="path-resource"/><value value="input/terminologies"/></parameter><parameter><code value="path-resource"/><value value="input/capabilities"/></parameter><parameter><code value="path-resource"/><value value="input/examples"/></parameter><parameter><code value="path-resource"/><value value="input/extensions"/></parameter><parameter><code value="path-resource"/><value value="input/models"/></parameter><parameter><code value="path-resource"/><value value="input/operations"/></parameter><parameter><code value="path-resource"/><value value="input/profiles"/></parameter><parameter><code value="path-resource"/><value value="input/resources"/></parameter><parameter><code value="path-resource"/><value value="input/vocabulary"/></parameter><parameter><code value="path-resource"/><value value="input/testing"/></parameter><parameter><code value="path-resource"/><value value="input/history"/></parameter><parameter><code value="path-resource"/><value value="fsh-generated/resources"/></parameter><parameter><code value="path-pages"/><value value="template/config"/></parameter><parameter><code value="path-pages"/><value value="input/images"/></parameter><parameter><code value="path-tx-cache"/><value value="input-cache/txcache"/></parameter></definition></ImplementationGuide>