{"resourceType":"ImplementationGuide","id":"iso.fhir.5384","text":{"status":"extensions","div":"<div xmlns=\"http://www.w3.org/1999/xhtml\"><h2>IsoTs5384</h2><p>The official URL for this implementation guide is: </p><pre>http://iso.org/fhir/ts-5384/ImplementationGuide/iso.fhir.5384</pre><div><p>ISO TS 5384 Health informatics - Categorial Structure and Data Elements for the Identification and Exchange of Immunization Data</p>\n</div></div>"},"url":"http://iso.org/fhir/ts-5384/ImplementationGuide/iso.fhir.5384","version":"0.0.1","name":"IsoTs5384","title":"ISO TS 5384 Immunization FHIR Logical Models","status":"draft","experimental":true,"date":"2022-11-03T09:58:38+00:00","publisher":"ISO","contact":[{"telecom":[{"system":"url","value":"https://www.iso.int"}]}],"description":"ISO TS 5384 Health informatics - Categorial Structure and Data Elements for the Identification and Exchange of Immunization Data","jurisdiction":[{"coding":[{"system":"http://unstats.un.org/unsd/methods/m49/m49.htm","code":"001"}]}],"packageId":"iso.fhir.5384","license":"CC0-1.0","fhirVersion":["4.0.1"],"dependsOn":[{"id":"hl7tx","uri":"http://terminology.hl7.org/ImplementationGuide/hl7.terminology","packageId":"hl7.terminology.r4","version":"4.0.0"}],"definition":{"extension":[{"extension":[{"url":"code","valueString":"copyrightyear"},{"url":"value","valueString":"2021+"}],"url":"http://hl7.org/fhir/tools/StructureDefinition/ig-parameter"},{"extension":[{"url":"code","valueString":"releaselabel"},{"url":"value","valueString":"CI Build"}],"url":"http://hl7.org/fhir/tools/StructureDefinition/ig-parameter"},{"extension":[{"url":"code","valueString":"autoload-resources"},{"url":"value","valueString":"true"}],"url":"http://hl7.org/fhir/tools/StructureDefinition/ig-parameter"},{"extension":[{"url":"code","valueString":"path-liquid"},{"url":"value","valueString":"template/liquid"}],"url":"http://hl7.org/fhir/tools/StructureDefinition/ig-parameter"},{"extension":[{"url":"code","valueString":"path-liquid"},{"url":"value","valueString":"input/liquid"}],"url":"http://hl7.org/fhir/tools/StructureDefinition/ig-parameter"},{"extension":[{"url":"code","valueString":"path-qa"},{"url":"value","valueString":"temp/qa"}],"url":"http://hl7.org/fhir/tools/StructureDefinition/ig-parameter"},{"extension":[{"url":"code","valueString":"path-temp"},{"url":"value","valueString":"temp/pages"}],"url":"http://hl7.org/fhir/tools/StructureDefinition/ig-parameter"},{"extension":[{"url":"code","valueString":"path-output"},{"url":"value","valueString":"output"}],"url":"http://hl7.org/fhir/tools/StructureDefinition/ig-parameter"},{"extension":[{"url":"code","valueString":"path-suppressed-warnings"},{"url":"value","valueString":"input/ignoreWarnings.txt"}],"url":"http://hl7.org/fhir/tools/StructureDefinition/ig-parameter"},{"extension":[{"url":"code","valueString":"path-history"},{"url":"value","valueString":"http://iso.org/fhir/ts-5384/history.html"}],"url":"http://hl7.org/fhir/tools/StructureDefinition/ig-parameter"},{"extension":[{"url":"code","valueString":"template-html"},{"url":"value","valueString":"template-page.html"}],"url":"http://hl7.org/fhir/tools/StructureDefinition/ig-parameter"},{"extension":[{"url":"code","valueString":"template-md"},{"url":"value","valueString":"template-page-md.html"}],"url":"http://hl7.org/fhir/tools/StructureDefinition/ig-parameter"},{"extension":[{"url":"code","valueString":"apply-contact"},{"url":"value","valueString":"true"}],"url":"http://hl7.org/fhir/tools/StructureDefinition/ig-parameter"},{"extension":[{"url":"code","valueString":"apply-context"},{"url":"value","valueString":"true"}],"url":"http://hl7.org/fhir/tools/StructureDefinition/ig-parameter"},{"extension":[{"url":"code","valueString":"apply-copyright"},{"url":"value","valueString":"true"}],"url":"http://hl7.org/fhir/tools/StructureDefinition/ig-parameter"},{"extension":[{"url":"code","valueString":"apply-jurisdiction"},{"url":"value","valueString":"true"}],"url":"http://hl7.org/fhir/tools/StructureDefinition/ig-parameter"},{"extension":[{"url":"code","valueString":"apply-license"},{"url":"value","valueString":"true"}],"url":"http://hl7.org/fhir/tools/StructureDefinition/ig-parameter"},{"extension":[{"url":"code","valueString":"apply-publisher"},{"url":"value","valueString":"true"}],"url":"http://hl7.org/fhir/tools/StructureDefinition/ig-parameter"},{"extension":[{"url":"code","valueString":"apply-version"},{"url":"value","valueString":"true"}],"url":"http://hl7.org/fhir/tools/StructureDefinition/ig-parameter"},{"extension":[{"url":"code","valueString":"active-tables"},{"url":"value","valueString":"true"}],"url":"http://hl7.org/fhir/tools/StructureDefinition/ig-parameter"}],"grouping":[{"id":"-str-logicalmodel","name":"Structures: Logical Models","description":"These define data models that represent the domain covered by this implementation guide in more business-friendly terms than the underlying FHIR resources."},{"id":"-term-valueset","name":"Terminology: Value Sets","description":"These define sets of codes used by systems conforming to this implementation guide"},{"id":"-term-codesystem","name":"Terminology: Code Systems","description":"These define new code systems used by systems conforming to this implementation guide"}],"resource":[{"extension":[{"url":"http://hl7.org/fhir/StructureDefinition/implementationguide-page","valueUri":"CodeSystem-conformance-5384.html"}],"reference":{"reference":"CodeSystem/conformance-5384"},"name":"ISO TS 5384 Conformance Rules","description":"Requirement Descriptors for the ISO TS 5384.","groupingId":"-term-codesystem"},{"extension":[{"url":"http://hl7.org/fhir/StructureDefinition/implementationguide-page","valueUri":"ValueSet-conformance-5384.html"}],"reference":{"reference":"ValueSet/conformance-5384"},"name":"ISO TS 5384 Conformance Rules","description":"Requirement Descriptors for the ISO TS 5384","groupingId":"-term-valueset"},{"extension":[{"url":"http://hl7.org/fhir/StructureDefinition/implementationguide-page","valueUri":"StructureDefinition-SimpleOrganization.html"}],"reference":{"reference":"StructureDefinition/SimpleOrganization"},"name":"Simple Organization","description":"Simple Organization","groupingId":"-str-logicalmodel"},{"extension":[{"url":"http://hl7.org/fhir/StructureDefinition/implementationguide-page","valueUri":"StructureDefinition-Immunization.html"}],"reference":{"reference":"StructureDefinition/Immunization"},"name":"Immunization","description":"ISO TS 5384 data model","groupingId":"-str-logicalmodel"},{"extension":[{"url":"http://hl7.org/fhir/StructureDefinition/implementationguide-page","valueUri":"StructureDefinition-Immunization-uc6.html"}],"reference":{"reference":"StructureDefinition/Immunization-uc6"},"name":"UC6: Create anonymized immunization reports","description":"Data Model for the 'Create anonymized immunization reports'","groupingId":"-str-logicalmodel"},{"extension":[{"url":"http://hl7.org/fhir/StructureDefinition/implementationguide-page","valueUri":"StructureDefinition-Immunization-uc4.html"}],"reference":{"reference":"StructureDefinition/Immunization-uc4"},"name":"UC4: Create Client Immunization history","description":"Data Model for the 'Create Client Immunization history'","groupingId":"-str-logicalmodel"},{"extension":[{"url":"http://hl7.org/fhir/StructureDefinition/implementationguide-page","valueUri":"StructureDefinition-Product.html"}],"reference":{"reference":"StructureDefinition/Product"},"name":"Product","description":"A product  that have or should have been administered to a subject that includes one or more specific antigen(s) aimed at developing an immune response in an individual to provide protection from a vaccine preventable disease(s).","groupingId":"-str-logicalmodel"},{"extension":[{"url":"http://hl7.org/fhir/StructureDefinition/implementationguide-page","valueUri":"StructureDefinition-Product-uc2.html"}],"reference":{"reference":"StructureDefinition/Product-uc2"},"name":"Product: Record a Current immunization event","description":"Product Model for the 'Record a Current immunization event'","groupingId":"-str-logicalmodel"},{"extension":[{"url":"http://hl7.org/fhir/StructureDefinition/implementationguide-page","valueUri":"StructureDefinition-Immunization-uc2.html"}],"reference":{"reference":"StructureDefinition/Immunization-uc2"},"name":"UC2: Record a Current immunization event","description":"Data Model for the 'Record a Current immunization event'","groupingId":"-str-logicalmodel"},{"extension":[{"url":"http://hl7.org/fhir/StructureDefinition/implementationguide-page","valueUri":"StructureDefinition-Forecast.html"}],"reference":{"reference":"StructureDefinition/Forecast"},"name":"Immunization Forecast","description":"ISO TS 5384 data model","groupingId":"-str-logicalmodel"},{"extension":[{"url":"http://hl7.org/fhir/StructureDefinition/implementationguide-page","valueUri":"StructureDefinition-Subject-uc1.html"}],"reference":{"reference":"StructureDefinition/Subject-uc1"},"name":"Subject of Care - Registry Use Case","description":"Data Model for the 'Populate an Immunization Registry'","groupingId":"-str-logicalmodel"},{"extension":[{"url":"http://hl7.org/fhir/StructureDefinition/implementationguide-page","valueUri":"StructureDefinition-Immunization-uc1.html"}],"reference":{"reference":"StructureDefinition/Immunization-uc1"},"name":"UC1: Populate an Immunization Registry","description":"Data Model for the 'Populate an Immunization Registry ' use case","groupingId":"-str-logicalmodel"},{"extension":[{"url":"http://hl7.org/fhir/StructureDefinition/implementationguide-page","valueUri":"StructureDefinition-Immunization-uc3.html"}],"reference":{"reference":"StructureDefinition/Immunization-uc3"},"name":"UC3: Record a Historic immunization event","description":"Data Model for the 'Record a Historic immunization event'","groupingId":"-str-logicalmodel"},{"extension":[{"url":"http://hl7.org/fhir/StructureDefinition/implementationguide-page","valueUri":"StructureDefinition-Product-uc1.html"}],"reference":{"reference":"StructureDefinition/Product-uc1"},"name":"Product - Registry Use Case","description":"Data Model for the 'Populate an Immunization Registry'","groupingId":"-str-logicalmodel"},{"extension":[{"url":"http://hl7.org/fhir/StructureDefinition/implementationguide-page","valueUri":"StructureDefinition-Immunization-uc5.html"}],"reference":{"reference":"StructureDefinition/Immunization-uc5"},"name":"UC5: Create Client immunization reminder","description":"Data Model for the 'Create Client immunization reminder'","groupingId":"-str-logicalmodel"},{"extension":[{"url":"http://hl7.org/fhir/StructureDefinition/implementationguide-page","valueUri":"StructureDefinition-Forecast-uc1.html"}],"reference":{"reference":"StructureDefinition/Forecast-uc1"},"name":"Immunization Forecast - Registry Use Case","description":"Data Model for the 'Populate an Immunization Registry'","groupingId":"-str-logicalmodel"},{"extension":[{"url":"http://hl7.org/fhir/StructureDefinition/implementationguide-page","valueUri":"StructureDefinition-HealthProfessional.html"}],"reference":{"reference":"StructureDefinition/HealthProfessional"},"name":"Health Professional","description":"Health Professional","groupingId":"-str-logicalmodel"},{"extension":[{"url":"http://hl7.org/fhir/StructureDefinition/implementationguide-page","valueUri":"StructureDefinition-Subject.html"}],"reference":{"reference":"StructureDefinition/Subject"},"name":"Subject of Care","description":"Subject vaccinated","groupingId":"-str-logicalmodel"}],"page":{"extension":[{"url":"http://hl7.org/fhir/tools/StructureDefinition/ig-page-name","valueUrl":"toc.html"}],"nameUrl":"toc.html","title":"Table of Contents","generation":"html","page":[{"extension":[{"url":"http://hl7.org/fhir/tools/StructureDefinition/ig-page-name","valueUrl":"index.html"}],"nameUrl":"index.html","title":"ISO TS 5384 Immunization FHIR Logical Models","generation":"markdown"},{"extension":[{"url":"http://hl7.org/fhir/tools/StructureDefinition/ig-page-name","valueUrl":"conformance.html"}],"nameUrl":"conformance.html","title":"Conformance","generation":"markdown"},{"extension":[{"url":"http://hl7.org/fhir/tools/StructureDefinition/ig-page-name","valueUrl":"useCases.html"}],"nameUrl":"useCases.html","title":"ISO TS 5384 Use Cases","generation":"markdown"},{"extension":[{"url":"http://hl7.org/fhir/tools/StructureDefinition/ig-page-name","valueUrl":"terminologies.html"}],"nameUrl":"terminologies.html","title":"ISO TS 5382 Terminologies","generation":"markdown"},{"extension":[{"url":"http://hl7.org/fhir/tools/StructureDefinition/ig-page-name","valueUrl":"models.html"}],"nameUrl":"models.html","title":"ISO TS 5382 Models","generation":"markdown"},{"extension":[{"url":"http://hl7.org/fhir/tools/StructureDefinition/ig-page-name","valueUrl":"downloads.html"}],"nameUrl":"downloads.html","title":"Useful Downloads","generation":"html"},{"extension":[{"url":"http://hl7.org/fhir/tools/StructureDefinition/ig-page-name","valueUrl":"changes.html"}],"nameUrl":"changes.html","title":"IG Change History","generation":"html"},{"extension":[{"url":"http://hl7.org/fhir/tools/StructureDefinition/ig-page-name","valueUrl":"artifacts.html"}],"nameUrl":"artifacts.html","title":"Artifacts Summary","generation":"html","page":[{"extension":[{"url":"http://hl7.org/fhir/tools/StructureDefinition/ig-page-name","valueUrl":"StructureDefinition-SimpleOrganization.html"}],"nameUrl":"StructureDefinition-SimpleOrganization.html","title":"Simple Organization","generation":"generated"},{"extension":[{"url":"http://hl7.org/fhir/tools/StructureDefinition/ig-page-name","valueUrl":"StructureDefinition-Immunization.html"}],"nameUrl":"StructureDefinition-Immunization.html","title":"Immunization","generation":"generated"},{"extension":[{"url":"http://hl7.org/fhir/tools/StructureDefinition/ig-page-name","valueUrl":"StructureDefinition-Immunization-uc6.html"}],"nameUrl":"StructureDefinition-Immunization-uc6.html","title":"UC6: Create anonymized immunization reports","generation":"generated"},{"extension":[{"url":"http://hl7.org/fhir/tools/StructureDefinition/ig-page-name","valueUrl":"StructureDefinition-Immunization-uc4.html"}],"nameUrl":"StructureDefinition-Immunization-uc4.html","title":"UC4: Create Client Immunization history","generation":"generated"},{"extension":[{"url":"http://hl7.org/fhir/tools/StructureDefinition/ig-page-name","valueUrl":"StructureDefinition-Product.html"}],"nameUrl":"StructureDefinition-Product.html","title":"Product","generation":"generated"},{"extension":[{"url":"http://hl7.org/fhir/tools/StructureDefinition/ig-page-name","valueUrl":"StructureDefinition-Product-uc2.html"}],"nameUrl":"StructureDefinition-Product-uc2.html","title":"Product: Record a Current immunization event","generation":"generated"},{"extension":[{"url":"http://hl7.org/fhir/tools/StructureDefinition/ig-page-name","valueUrl":"StructureDefinition-Immunization-uc2.html"}],"nameUrl":"StructureDefinition-Immunization-uc2.html","title":"UC2: Record a Current immunization event","generation":"generated"},{"extension":[{"url":"http://hl7.org/fhir/tools/StructureDefinition/ig-page-name","valueUrl":"StructureDefinition-Forecast.html"}],"nameUrl":"StructureDefinition-Forecast.html","title":"Immunization Forecast","generation":"generated"},{"extension":[{"url":"http://hl7.org/fhir/tools/StructureDefinition/ig-page-name","valueUrl":"StructureDefinition-Subject-uc1.html"}],"nameUrl":"StructureDefinition-Subject-uc1.html","title":"Subject of Care - Registry Use Case","generation":"generated"},{"extension":[{"url":"http://hl7.org/fhir/tools/StructureDefinition/ig-page-name","valueUrl":"StructureDefinition-Immunization-uc1.html"}],"nameUrl":"StructureDefinition-Immunization-uc1.html","title":"UC1: Populate an Immunization Registry","generation":"generated"},{"extension":[{"url":"http://hl7.org/fhir/tools/StructureDefinition/ig-page-name","valueUrl":"StructureDefinition-Immunization-uc3.html"}],"nameUrl":"StructureDefinition-Immunization-uc3.html","title":"UC3: Record a Historic immunization event","generation":"generated"},{"extension":[{"url":"http://hl7.org/fhir/tools/StructureDefinition/ig-page-name","valueUrl":"StructureDefinition-Product-uc1.html"}],"nameUrl":"StructureDefinition-Product-uc1.html","title":"Product - Registry Use Case","generation":"generated"},{"extension":[{"url":"http://hl7.org/fhir/tools/StructureDefinition/ig-page-name","valueUrl":"StructureDefinition-Immunization-uc5.html"}],"nameUrl":"StructureDefinition-Immunization-uc5.html","title":"UC5: Create Client immunization reminder","generation":"generated"},{"extension":[{"url":"http://hl7.org/fhir/tools/StructureDefinition/ig-page-name","valueUrl":"StructureDefinition-Forecast-uc1.html"}],"nameUrl":"StructureDefinition-Forecast-uc1.html","title":"Immunization Forecast - Registry Use Case","generation":"generated"},{"extension":[{"url":"http://hl7.org/fhir/tools/StructureDefinition/ig-page-name","valueUrl":"StructureDefinition-HealthProfessional.html"}],"nameUrl":"StructureDefinition-HealthProfessional.html","title":"Health Professional","generation":"generated"},{"extension":[{"url":"http://hl7.org/fhir/tools/StructureDefinition/ig-page-name","valueUrl":"StructureDefinition-Subject.html"}],"nameUrl":"StructureDefinition-Subject.html","title":"Subject of Care","generation":"generated"},{"extension":[{"url":"http://hl7.org/fhir/tools/StructureDefinition/ig-page-name","valueUrl":"ValueSet-conformance-5384.html"}],"nameUrl":"ValueSet-conformance-5384.html","title":"ISO TS 5384 Conformance Rules","generation":"generated"},{"extension":[{"url":"http://hl7.org/fhir/tools/StructureDefinition/ig-page-name","valueUrl":"CodeSystem-conformance-5384.html"}],"nameUrl":"CodeSystem-conformance-5384.html","title":"ISO TS 5384 Conformance Rules","generation":"generated"}]}]},"parameter":[{"code":"path-resource","value":"input/terminologies"},{"code":"path-resource","value":"input/capabilities"},{"code":"path-resource","value":"input/examples"},{"code":"path-resource","value":"input/extensions"},{"code":"path-resource","value":"input/models"},{"code":"path-resource","value":"input/operations"},{"code":"path-resource","value":"input/profiles"},{"code":"path-resource","value":"input/resources"},{"code":"path-resource","value":"input/vocabulary"},{"code":"path-resource","value":"input/testing"},{"code":"path-resource","value":"input/history"},{"code":"path-resource","value":"fsh-generated/resources"},{"code":"path-pages","value":"template/config"},{"code":"path-pages","value":"input/images"},{"code":"path-tx-cache","value":"input-cache/txcache"}]}}